Accuracy,Precision,Recall (Sensitivity),Specificity,MCC,AUC
0.8048780487804879,0.5,0.0625,0.9848484848484849,0.12164046002523796,0.5236742424242424
