fold,accuracy,mcc
1,0.8235294117647058,0.4506939094329987
2,0.8235294117647058,0.0
3,0.8125,0.0
4,0.75,-0.12403473458920847
5,0.8125,0.0
