fold,auc,mcc,threshold,accuracy,f1_pos,recall_pos,precision_pos
1,0.8153846153846154,0.48105119936474167,0.45649844,0.7575757575757576,0.8181818181818182,0.9,0.75
2,0.7443609022556391,0.5013222138296994,0.44778094,0.7575757575757576,0.8095238095238095,0.8947368421052632,0.7391304347826086
3,0.5101214574898785,0.34500484066310094,0.5349832,0.6875,0.782608695652174,0.9473684210526315,0.6666666666666666
4,0.680161943319838,0.33910215700436014,0.48607582,0.6875,0.75,0.7894736842105263,0.7142857142857143
5,0.7165991902834008,0.049286405809014416,0.41031188,0.59375,0.7346938775510204,0.9473684210526315,0.6
