fold,auc,mcc,threshold,accuracy,f1_pos,recall_pos,precision_pos
1,0.823076923076923,0.4918825430722312,0.45369932,0.7575757575757576,0.8260869565217391,0.95,0.7307692307692307
2,0.7293233082706767,0.5013222138296994,0.4663405,0.7575757575757576,0.8095238095238095,0.8947368421052632,0.7391304347826086
3,0.8137651821862348,0.6070347255016324,0.47001883,0.8125,0.85,0.8947368421052632,0.8095238095238095
4,0.7368421052631579,0.3316863613133475,0.43257186,0.6875,0.7619047619047619,0.8421052631578947,0.6956521739130435
5,0.8218623481781376,0.6255774501577784,0.4972602,0.8125,0.8333333333333334,0.7894736842105263,0.8823529411764706
